experiment,n_features,fold_0_auc,fold_2_auc,mean_auc,avg_best_iteration,new_feature,delta_vs_baseline
ADD_ALL_8,56,0.9426658274338401,0.9446470765641967,0.9436564519990184,1677.5,ALL_8,0.00032863176185704557
ADD_Income_Last3,49,0.942487743767288,0.9444424779926007,0.9434651108799443,1620.5,Income_Last3,0.00013729064278300562
ADD_Income_Last4,49,0.9424831818760218,0.9444394104570251,0.9434612961665234,1532.0,Income_Last4,0.0001334759293620813
ADD_Income_Hundreds_Tens,49,0.9424693006925979,0.9444279843912803,0.943448642541939,1762.5,Income_Hundreds_Tens,0.00012082230477772349
ADD_Income_Last2,49,0.9423421271119099,0.9443759165823841,0.943359021847147,1503.5,Income_Last2,3.120160998570931e-05
ADD_Income_100_Bin,49,0.9423153391898628,0.9443872448966157,0.9433512920432392,1594.0,Income_100_Bin,2.347180607786825e-05
BASELINE_V3,48,0.9423268412849252,0.9443287991893974,0.9433278202371613,1728.5,,0.0
ADD_Income_First2,49,0.94230941416204,0.9443336572844335,0.9433215357232367,1432.0,Income_First2,-6.284513924592616e-06
ADD_Income_500_Bin,49,0.9421909322255448,0.9443354113810282,0.9432631718032864,1267.5,Income_500_Bin,-6.464843387488095e-05
ADD_Income_2k_Bin,49,0.9421617213806366,0.9443424029416266,0.9432520621611316,1194.5,Income_2k_Bin,-7.575807602977491e-05
