experiment,n_features,fold_0_auc,fold_2_auc,mean_auc,avg_best_iteration,delta_vs_baseline
ADD_ALL_PATTERNS,71,0.9430321511816662,0.9448233254514528,0.9439277383165594,1630.5,0.0002712863175410307
ADD_Income_Mod500,57,0.9428636862783653,0.9447743106317759,0.9438189984550706,1799.5,0.00016254645605218165
ADD_Income_Mod5,57,0.9427753597620528,0.9447795698183378,0.9437774647901953,1844.5,0.0001210127911769332
ADD_Income_Dist500,57,0.9428655129744513,0.9446828590486038,0.9437741860115276,1759.0,0.00011773401250925186
ADD_Income_Dist1000,57,0.942782152169882,0.9447159584091392,0.9437490552895107,1470.0,9.26032904923213e-05
ADD_Income_Mod20,57,0.9427923504795236,0.9446987056549933,0.9437455280672584,1661.0,8.907606824004599e-05
ADD_Income_TensHundreds,57,0.9427651544699249,0.9447209383056641,0.9437430463877945,1732.0,8.65943887761178e-05
ADD_Income_HundredsThousands,57,0.9427904811126859,0.9446829651400277,0.9437367231263568,1769.0,8.027112733843822e-05
ADD_Income_Mod50,57,0.9427768865991298,0.9446737956989935,0.9437253411490616,1640.5,6.88891500432165e-05
ADD_Income_Mod1000,57,0.9427570435358701,0.9446853528758943,0.9437211982058822,1598.5,6.474620686380828e-05
ADD_Income_DigitSum,57,0.9426618695276675,0.9447798153608289,0.9437208424442483,1824.0,6.439044522987825e-05
ADD_Income_Mod25,57,0.9427404356914165,0.9446785288893184,0.9437094822903674,1710.0,5.303029134906545e-05
ADD_Income_Dist100,57,0.9427725927577674,0.9446257267803659,0.9436991597690667,1593.0,4.270777004833359e-05
ADD_Income_Last3_DigitSum,57,0.9426993678083757,0.9446962265680102,0.943697797188193,1927.5,4.134518917464636e-05
ADD_Income_OnesTens,57,0.9426902897999225,0.944696281262309,0.9436932855311158,1537.0,3.683353209738005e-05
ADD_Income_Mod200,57,0.9427014513048035,0.9446838330726085,0.943692642188706,1510.5,3.619018968759047e-05
BASELINE_V4,56,0.9426658274338401,0.9446470765641967,0.9436564519990184,1677.5,0.0
