name,mean_auc,std_auc,fold_0_auc,fold_2_auc,avg_best_iteration,num_leaves,min_child_samples,colsample_bytree,reg_alpha,reg_lambda
reg_light,0.9433278202371613,0.001000978952236109,0.9423268412849252,0.9443287991893974,1728.5,31,40,0.85,0.0,0.5
leaves_24,0.9433239764390937,0.0010356932211809666,0.9422882832179128,0.9443596696602747,2089.0,24,40,0.85,0.1,1.0
colsample_070,0.9433055339445583,0.0010312548794175758,0.9422742790651407,0.9443367888239759,1875.0,31,40,0.7,0.1,1.0
baseline,0.9432934960394233,0.0010146356872202111,0.942278860352203,0.9443081317266434,1524.0,31,40,0.85,0.1,1.0
child_20,0.9432742571033681,0.0010024723376185762,0.9422717847657496,0.9442767294409867,1536.5,31,20,0.85,0.1,1.0
leaves_20,0.9432710248634213,0.0010245702316762917,0.9422464546317451,0.9442955950950976,2019.0,20,40,0.85,0.1,1.0
leaves24_child70,0.943268961074041,0.0010541588300298499,0.9422148022440112,0.9443231199040709,1678.5,24,70,0.85,0.1,1.0
child_70,0.9432486568285903,0.0010600187378199677,0.9421886380907704,0.9443086755664103,1541.0,31,70,0.85,0.1,1.0
child_120,0.9432451228689658,0.001020286403748627,0.9422248364652172,0.9442654092727144,1640.5,31,120,0.85,0.1,1.0
leaves_40,0.9432317507132078,0.001040293249501778,0.9421914574637059,0.9442720439627095,1334.5,40,40,0.85,0.1,1.0
reg_medium,0.9431994222596995,0.000999426766506828,0.9421999954931928,0.9441988490262064,1389.0,31,40,0.85,0.5,3.0
leaves40_child70,0.9431903016378413,0.0009994041307717083,0.9421908975070696,0.944189705768613,1147.0,40,70,0.85,0.1,1.0
reg_strong,0.943189801680109,0.001047711172721566,0.9421420905073875,0.9442375128528306,1557.0,31,40,0.85,1.0,5.0
leaves_48,0.9431871145988309,0.0010037025113885378,0.9421834120874424,0.9441908171102195,1100.5,48,40,0.85,0.1,1.0
colsample_100,0.9431822261624245,0.0010498126056766588,0.9421324135567478,0.9442320387681011,1385.5,31,40,1.0,0.1,1.0
